{
	"data": {
		"id": "1",
		"type": "customer",
		"attributes": {
			"first_name": "Alex",
			"last_name": "Egan",
			"email": "aegan32@example.com",
			"phone": "857-771-5339",
			"number_of_orders": 3,
			"orders_by_date": [
				{
					"data": {
						"id": "3",
						"type": "order",
						"attributes": {
							"date": "2022-02-26",
							"total_weight": 20.45,
							"grand_total": "$26.45",
							"items": [
								{
									"data": {
										"id": "4",
										"type": "item",
										"attributes": {
											"name": "GPBO Whisk",
											"quantity": 1,
											"shipped?": false
										}
									}
								},
								{
									"data": {
										"id": "3",
										"type": "item",
										"attributes": {
											"name": "King Arthur All-Purpose Flour",
											"quantity": 4,
											"shipped?": false
										}
									}
								}
							]
						}
					}
				},
				{
					"data": {
						"id": "2",
						"type": "order",
						"attributes": {
							"date": "2022-02-23",
							"total_weight": 1.7,
							"grand_total": "$14.10",
							"items": [
								{
									"data": {
										"id": "2",
										"type": "item",
										"attributes": {
											"name": "GPBO Round Cake Pan Set",
											"quantity": 1,
											"shipped?": true
										}
									}
								}
							]
						}
					}
				},
				{
					"data": {
						"id": "1",
						"type": "order",
						"attributes": {
							"date": "2022-02-21",
							"total_weight": 1.3,
							"grand_total": "$10.62",
							"items": [
								{
									"data": {
										"id": "1",
										"type": "item",
										"attributes": {
											"name": "GPBO Baking Sheet",
											"quantity": 1,
											"shipped?": true
										}
									}
								}
							]
						}
					}
				}
			]
		}
	}
}