{
	"data": [
		{
			"id": "3",
			"type": "order",
			"attributes": {
				"date": "2022-02-26",
				"products_total": 20.05,
				"tax": 1.4,
				"shipping": 5,
				"customer": {
					"data": {
						"id": "1",
						"type": "customer",
						"attributes": {
							"name": "Egan, Alex",
							"email": "aegan32@example.com",
							"phone": "857-771-5339"
						}
					}
				},
				"address": {
					"data": {
						"id": "1",
						"type": "address",
						"attributes": {
							"recipient": "Alex Egan",
							"street_1": "5000 Forbes Avenue",
							"street_2": null,
							"city": "Pittsburgh",
							"state": "PA",
							"zip": "15213"
						}
					}
				}
			}
		},
		{
			"id": "5",
			"type": "order",
			"attributes": {
				"date": "2022-02-26",
				"products_total": 5.25,
				"tax": 0.37,
				"shipping": 5,
				"customer": {
					"data": {
						"id": "2",
						"type": "customer",
						"attributes": {
							"name": "Freeman, Melanie",
							"email": "mfreeman61@example.com",
							"phone": "624-122-0247"
						}
					}
				},
				"address": {
					"data": {
						"id": "2",
						"type": "address",
						"attributes": {
							"recipient": "Melanie Freeman",
							"street_1": "5000 Forbes Avenue",
							"street_2": null,
							"city": "Pittsburgh",
							"state": "PA",
							"zip": "15213"
						}
					}
				}
			}
		},
		{
			"id": "6",
			"type": "order",
			"attributes": {
				"date": "2022-02-26",
				"products_total": 19.25,
				"tax": 1.35,
				"shipping": 5,
				"customer": {
					"data": {
						"id": "3",
						"type": "customer",
						"attributes": {
							"name": "Corletti, Anthony",
							"email": "acorletti39@example.com",
							"phone": "412-268-2323"
						}
					}
				},
				"address": {
					"data": {
						"id": "3",
						"type": "address",
						"attributes": {
							"recipient": "Anthony Corletti",
							"street_1": "5000 Forbes Avenue",
							"street_2": null,
							"city": "Pittsburgh",
							"state": "PA",
							"zip": "15213"
						}
					}
				}
			}
		},
		{
			"id": "7",
			"type": "order",
			"attributes": {
				"date": "2022-02-26",
				"products_total": 11.5,
				"tax": 0.81,
				"shipping": 5,
				"customer": {
					"data": {
						"id": "4",
						"type": "customer",
						"attributes": {
							"name": "Flood, Ryan",
							"email": "rflood61@example.com",
							"phone": "251-002-9266"
						}
					}
				},
				"address": {
					"data": {
						"id": "4",
						"type": "address",
						"attributes": {
							"recipient": "Ryan Flood",
							"street_1": "5000 Forbes Avenue",
							"street_2": null,
							"city": "Pittsburgh",
							"state": "PA",
							"zip": "15213"
						}
					}
				}
			}
		},
		{
			"id": "2",
			"type": "order",
			"attributes": {
				"date": "2022-02-23",
				"products_total": 8.5,
				"tax": 0.6,
				"shipping": 5,
				"customer": {
					"data": {
						"id": "1",
						"type": "customer",
						"attributes": {
							"name": "Egan, Alex",
							"email": "aegan32@example.com",
							"phone": "857-771-5339"
						}
					}
				},
				"address": {
					"data": {
						"id": "5",
						"type": "address",
						"attributes": {
							"recipient": "Jeff Egan",
							"street_1": "4000 Forbes Ave",
							"street_2": null,
							"city": "Pittsburgh",
							"state": "PA",
							"zip": "15212"
						}
					}
				}
			}
		},
		{
			"id": "4",
			"type": "order",
			"attributes": {
				"date": "2022-02-22",
				"products_total": 3.95,
				"tax": 0.28,
				"shipping": 5,
				"customer": {
					"data": {
						"id": "2",
						"type": "customer",
						"attributes": {
							"name": "Freeman, Melanie",
							"email": "mfreeman61@example.com",
							"phone": "624-122-0247"
						}
					}
				},
				"address": {
					"data": {
						"id": "2",
						"type": "address",
						"attributes": {
							"recipient": "Melanie Freeman",
							"street_1": "5000 Forbes Avenue",
							"street_2": null,
							"city": "Pittsburgh",
							"state": "PA",
							"zip": "15213"
						}
					}
				}
			}
		},
		{
			"id": "1",
			"type": "order",
			"attributes": {
				"date": "2022-02-21",
				"products_total": 5.25,
				"tax": 0.37,
				"shipping": 5,
				"customer": {
					"data": {
						"id": "1",
						"type": "customer",
						"attributes": {
							"name": "Egan, Alex",
							"email": "aegan32@example.com",
							"phone": "857-771-5339"
						}
					}
				},
				"address": {
					"data": {
						"id": "5",
						"type": "address",
						"attributes": {
							"recipient": "Jeff Egan",
							"street_1": "4000 Forbes Ave",
							"street_2": null,
							"city": "Pittsburgh",
							"state": "PA",
							"zip": "15212"
						}
					}
				}
			}
		}
	]
}